{
    "rmse": 9582.770076202944,
    "mae": 7418.261164152098,
    "r2": 0.3691606391026673
}